SKU,MainCategoryName,SubCategoryName,ItemName,ColorCode,Size,Stock,,,,Desc,Weight(lb),Img Url
J1S541PNK2T,Jewelry,Necklace Sets,Alpha Kappa Alpha Shell Bib Necklace,Pink,16 inch + 3,30,6,21,20.99,,0.5,https://cdn.jropship.com/l/J1S541PNK2T.jpg
C7SQNE10551ORGGD,Jewelry,Necklace Sets,Multi-Strand Layered Pearl Necklace Set,ORANGE,17 inch + 3,26,6.75,23.25,22.99,Multi-Strand Layered Pearl Necklace Set in NECKLACE SETSORANGE,0.5,https://cdn.jropship.com/l/C7SQNE10551ORGGD.jpg
B1B9009REDWD,Jewelry,Bracelets,Multi-Strand Wood Beaded Magnetic Bracelets,Red,8 inch long,23,11.25,36.75,36.99,,0.4,https://cdn.jropship.com/l/B1B9009REDWD.jpg
S7SCN1978MLTGD,Jewelry,Necklace Sets,Statement Fringe Natural Wood Beaded Necklace Set,Multi,18 inch + 3,23,32,99,98.99,,0.5,https://cdn.jropship.com/l/S7SCN1978MLTGD.jpg
B1B9009REDWD,Jewelry,Bracelets,Multi-Strand Wood Beaded Magnetic Bracelets,Red,8 inch long,23,11.25,36.75,36.99,,0.4,https://cdn.jropship.com/l/B1B9009REDWD.jpg
C9SNPY043LAVRD,Jewelry,Necklace Sets,Multi-Strand Layered Pearl Necklace Set,Lavender,17 inch + 3,22,6.75,23.25,22.99,,0.5,https://cdn.jropship.com/l/C9SNPY043LAVRD.jpg
A5EJAM0207CRMGD,Jewelry,Earrings,Graduated Pearl Drop Earrings,CREAM,4 inch long,22,3.5,13.5,13.99,Graduated Pearl Drop Earrings in EARRINGSCREAM,0.5,https://cdn.jropship.com/l/A5EJAM0207CRMGD.jpg
U1EELE1175NATGB,Jewelry,Earrings,Geo Wood Fashion Earrings,Natural,2 1/4 inch long,19,4.5,16.5,16.99,,0.1,https://cdn.jropship.com/l/U1EELE1175NATGB.jpg
C9SNPY130CLRGD,Jewelry,Necklace Sets,Long Metal Rope Necklace Glass Ball Pendants,CLEAR,26 inches,19,10.5,34.5,34.99,Long Metal Rope Necklace Glass Ball Pendants in NECKLACE SETSCLEAR,0.5,https://cdn.jropship.com/l/C9SNPY130CLRGD.jpg
C7SQNE10593MLTGD,Jewelry,Necklace Sets,Statement Glass Pearl Braided Bib Neckalce,Multi,14 inch + 3,18,11.25,36.75,36.99,,0.5,https://cdn.jropship.com/l/C7SQNE10593MLTGD.jpg
U1NIN1443BLKGD,Jewelry,Necklaces,Crystal Pave Fringe Necklace,BLACK,17 inch + 3,18,6.75,23.25,22.99,Crystal Pave Fringe Necklace in NECKLACESBLACK,0.5,https://cdn.jropship.com/l/U1NIN1443BLKGD.jpg
K2EAE18983GLDGD,Jewelry,Earrings,Metal Texture Statement Clip-on Earrings,Gold,2 3/4 inch long,18,4.5,16.5,16.99,Metal Texture Statement Clip-on Earrings in EARRINGSGold,0.5,https://cdn.jropship.com/l/K2EAE18983GLDGD.jpg
C9EECM1146ABOGD,Jewelry,Earrings,Rhinestone Clip-On Drop Earrings,Aurora Borealis,1 1/4 inch long,18,3.75,14.25,13.99,,0.1,https://cdn.jropship.com/l/C9EECM1146ABOGD.jpg
C9EECQM051GLDGD,Jewelry,Earrings,Multi-Rings Metal Clip-On Earrings,Gold,3 1/4 inch long,18,4.5,16.5,16.99,,0.1,https://cdn.jropship.com/l/C9EECQM051GLDGD.jpg
K2EAE18983GLDGD,Jewelry,Earrings,Metal Texture Statement Clip-on Earrings,Gold,2 3/4 inch long,18,4.5,16.5,16.99,Metal Texture Statement Clip-on Earrings in EARRINGSGold,0.5,https://cdn.jropship.com/l/K2EAE18983GLDGD.jpg
M7BMB3544LBRNGD,Jewelry,Bracelets,Oval Wood Pendant Cuff Bracelet,Brown,2 inch wide,17,5.75,20.25,19.99,,0.4,https://cdn.jropship.com/l/M7BMB3544LBRNGD.jpg
S7BCB0454WHTRD,Jewelry,Bracelets,Pearl Waterfall Fringe Bracelet,White,Stretch,17,15,48,47.99,,0.4,https://cdn.jropship.com/l/S7BCB0454WHTRD.jpg
J5B6319MLTRS,Jewelry,Bracelets,Rhinestone Acrylic Bangle,Multi,One Size,17,6,21,20.99,,0.4,https://cdn.jropship.com/l/J5B6319MLTRS.jpg
M7BMB3544LBRNGD,Jewelry,Bracelets,Oval Wood Pendant Cuff Bracelet,Brown,2 inch wide,17,5.75,20.25,19.99,,0.4,https://cdn.jropship.com/l/M7BMB3544LBRNGD.jpg
S7BCB0454WHTRD,Jewelry,Bracelets,Pearl Waterfall Fringe Bracelet,White,Stretch,17,15,48,47.99,,0.4,https://cdn.jropship.com/l/S7BCB0454WHTRD.jpg
F4N00001YELBD,Jewelry,Necklaces,Long Boho Lariat Necklace,Yellow,52 inches,16,6,21,20.99,,0.4,https://cdn.jropship.com/l/F4N00001YELBD.jpg
C9SNPY043REDRD,Jewelry,Necklace Sets,Layered Pearl Necklace Set,Red,17 inch + 3,16,6.75,23.25,22.99,,0.5,https://cdn.jropship.com/l/C9SNPY043REDRD.jpg
M7BMB3568LBRNGD,Jewelry,Bracelets,Natural Wood Cuff,Brown,2 1/2 inch wide,16,5.75,20.25,19.99,,0.4,https://cdn.jropship.com/l/M7BMB3568LBRNGD.jpg
F4N00001YELBD,Jewelry,Necklaces,Long Boho Lariat Necklace,Yellow,52 inches,16,6,21,20.99,,0.4,https://cdn.jropship.com/l/F4N00001YELBD.jpg
R2E1075CLRGD,Jewelry,Earrings,Clear and Gold Beaded Shoulder Sweeper Earrings,Clear,4 inch long,20,3,12,11.99,,0.1,https://cdn.jropship.com/l/R2E1075CLRGD.jpg
C9SNPY043MLTGD,Jewelry,Necklace Sets,Multi-Tone Layered Pearl Necklace Set,Multi,17 inch + 3,15,6.75,23.25,22.99,,0.5,https://cdn.jropship.com/l/C9SNPY043MLTGD.jpg
C7SQNE10551WHTRD,Jewelry,Necklace Sets,Multi-Strand Layered Pearl Necklace Set,White,17 inch + 3,15,6.75,23.25,22.99,,0.5,https://cdn.jropship.com/l/C7SQNE10551WHTRD.jpg
K2EAE18983SILRD,Jewelry,Earrings,Metal Texture Statement Clip-on Earrings,SILVER,2 3/4 inch long,15,4.5,16.5,16.99,Metal Texture Statement Clip-on Earrings in EARRINGSSILVER,0.5,https://cdn.jropship.com/l/K2EAE18983SILRD.jpg
C9EECQ4279MLTGD,Jewelry,Earrings,Shourouk Crystal Clip-on Drop Earrings,Multi,2 3/4 INCH LONG,15,6,21,20.99,,0.1,https://cdn.jropship.com/l/C9EECQ4279MLTGD.jpg
K2EAE18983SILRD,Jewelry,Earrings,Metal Texture Statement Clip-on Earrings,SILVER,2 3/4 inch long,15,4.5,16.5,16.99,Metal Texture Statement Clip-on Earrings in EARRINGSSILVER,0.5,https://cdn.jropship.com/l/K2EAE18983SILRD.jpg
C9EECQ36GRNGD,Jewelry,Earrings,Pageant Statement Crystal Clip-on Earrings,Green,3 1/4 inch long,14,5,18,17.99,,0.1,https://cdn.jropship.com/l/C9EECQ36GRNGD.jpg
M6E1404PURGD,Jewelry,Earrings,Statement Crystal Pineapple Earrings,Purple,2 1/4 inch long,13,6.75,23.25,22.99,,0.1,https://cdn.jropship.com/l/M6E1404PURGD.jpg
U1EELE1175GRNGB,Jewelry,Earrings,Geo Wood Fashion Earrings,Green,2 1/4 inch long,13,4.5,16.5,16.99,,0.1,https://cdn.jropship.com/l/U1EELE1175GRNGB.jpg
F4N00001PNKBD,Jewelry,Necklaces,Long Boho Lariat Necklace,Pink,52 inches,12,6,21,20.99,,0.4,https://cdn.jropship.com/l/F4N00001PNKBD.jpg
S7BCB0454GLDGD,Jewelry,Bracelets,Pearl Waterfall Fringe Bracelet,Gold,Stretch,12,15,48,47.99,,0.4,https://cdn.jropship.com/l/S7BCB0454GLDGD.jpg
C9SNBY7851RBLGD,Jewelry,Necklace Sets,Crystal Statement Special Occasion Necklace Set,ROYAL BLUE,16 inch + 3,12,20.5,64.5,64.99,Crystal Statement Special Occasion Necklace Set in NECKLACE SETSROYAL BLUE,0.5,https://cdn.jropship.com/l/C9SNBY7851RBLGD.jpg
C9SNBY7851FUSGD,Jewelry,Necklace Sets,Crystal Statement Special Occasion Necklace Set,FUCSHIA,16 inch + 3,12,20.5,64.5,64.99,Crystal Statement Special Occasion Necklace Set in NECKLACE SETSFUCSHIA,0.5,https://cdn.jropship.com/l/C9SNBY7851FUSGD.jpg
S7SCN2062ABOGD,Jewelry,Necklace Sets,Glitter Lucite Bubble Bib Necklace Set,AURORA BOREALIS,17 inch + 3,12,24.5,76.5,76.99,Glitter Lucite Bubble Bib Necklace Set in NECKLACE SETSAURORA BOREALIS,0.5,https://cdn.jropship.com/l/S7SCN2062ABOGD.jpg
C7SQNE1055PNKGD,Jewelry,Necklace Sets,Wide Shoulder to Shoulder Pearl Bib Necklace,Pink,14 inch + 3,12,20.5,64.5,64.99,,0.5,https://cdn.jropship.com/l/C7SQNE1055PNKGD.jpg
C9EECH1915ABOSV,Jewelry,Earrings,Rhinestone Fringe Clip-on Earrings,Aurora Borealis,3 inch long,12,5.25,18.75,18.99,,0.1,https://cdn.jropship.com/l/C9EECH1915ABOSV.jpg
F4BPB0166MLTGB,Jewelry,Bracelets,Fresh Water Pearl Beaded Bracelet,Multi,7 inch long,12,12,39,38.99,,0.4,https://cdn.jropship.com/l/F4BPB0166MLTGB.jpg
F4N00001REDBD,Jewelry,Necklaces,Long Boho Lariat Necklace,Red,52 inches,11,6,21,20.99,,0.4,https://cdn.jropship.com/l/F4N00001REDBD.jpg
C7SQNE10593GLDGD,Jewelry,Necklace Sets,Statement Glass Pearl Braided Bib Neckalce,Gold,14 inch + 3,11,11.25,36.75,36.99,,0.5,https://cdn.jropship.com/l/C7SQNE10593GLDGD.jpg
C9SNPY043GLDGD,Jewelry,Necklace Sets,Multi-Strand Layered Pearl Necklace Set,Gold,17 inch + 3,11,6.75,23.25,22.99,,0.5,https://cdn.jropship.com/l/C9SNPY043GLDGD.jpg
C9EECQM002GLDGD,Jewelry,Earrings,Metal Hipnosis Clip-On Earrings,Gold,3 inch long,11,3.75,14.25,13.99,Metal Hipnosis Clip-On Earrings in EARRINGSGold,0.5,https://cdn.jropship.com/l/C9EECQM002GLDGD.jpg
G4SGNE2062ABBLUGD,Jewelry,Necklace Sets,Crystal Statement Bib Necklace Set,AB BLUE,13 inch + 4,11,18,57,56.99,Crystal Statement Bib Necklace Set in NECKLACE SETSAB BLUE,0.5,https://cdn.jropship.com/l/G4SGNE2062ABBLUGD.jpg
C9SNBY7851REDGD,Jewelry,Necklace Sets,Crystal Statement Special Occasion Necklace Set,RED,16 inch + 3,11,20.5,64.5,64.99,Crystal Statement Special Occasion Necklace Set in NECKLACE SETSRED,0.5,https://cdn.jropship.com/l/C9SNBY7851REDGD.jpg
C9SNBY7851GRNGD,Jewelry,Necklace Sets,Crystal Statement Special Occasion Necklace Set,GREEN,16 inch + 3,11,20.5,64.5,64.99,Crystal Statement Special Occasion Necklace Set in NECKLACE SETSGREEN,0.5,https://cdn.jropship.com/l/C9SNBY7851GRNGD.jpg
C9SNBY7851BLKRD,Jewelry,Necklace Sets,Crystal Statement Special Occasion Necklace Set,BLACK,16 inch + 3,11,20.5,64.5,64.99,Crystal Statement Special Occasion Necklace Set in NECKLACE SETSBLACK,0.5,https://cdn.jropship.com/l/C9SNBY7851BLKRD.jpg
S7BCB0454BRNBD,Jewelry,Bracelets,Statement Wood Beaded Fringe Stretch Bracelet,BROWN,Stretch,11,15,48,47.99,Statement Wood Beaded Fringe Stretch Bracelet in BRACELETSBROWN,0.5,https://cdn.jropship.com/l/S7BCB0454BRNBD.jpg
C9EECQ36REDRD,Jewelry,Earrings,Pageant Crystal Clip-on Earrings,Red,3 1/4 inch long,11,5,18,17.99,,0.1,https://cdn.jropship.com/l/C9EECQ36REDRD.jpg
C9EECQ150ABOGD,Jewelry,Earrings,Crystal Teardrop Clip-On Earrings,Aurora Borealis,3 3/4 inch long,11,7.5,25.5,25.99,,0.1,https://cdn.jropship.com/l/C9EECQ150ABOGD.jpg
C7SQNE10551DMTGD,Jewelry,Necklace Sets,Multi-Strand Layered Pearl Necklace Set,Dark Multi,17 inch + 3,10,6.75,23.25,22.99,,0.5,https://cdn.jropship.com/l/C7SQNE10551DMTGD.jpg
F4SJN4010BLKGD,Jewelry,Necklace Sets,Statement Multi-Strand Crystal Beaded Necklace Set,Black,23 inch + 3,10,30,93,92.99,,0.5,https://cdn.jropship.com/l/F4SJN4010BLKGD.jpg
C9E236PURRD,Jewelry,Earrings,Statement Oval Rhinestone Post Earring,Purple,2 1/2 inch long,10,5.25,18.75,18.99,,0.1,https://cdn.jropship.com/l/C9E236PURRD.jpg
S7SCN2059MLTGD,Jewelry,Necklace Sets,Glam Statement Bib Necklace set,Multi,12 inch + 4,9,32,99,98.99,,0.5,https://cdn.jropship.com/l/S7SCN2059MLTGD.jpg
C9EECQM002SILRD,Jewelry,Earrings,Metal Hipnosis Clip-On Earrings,SILVER,3 inch long,9,3.75,14.25,13.99,Metal Hipnosis Clip-On Earrings in EARRINGSSILVER,0.5,https://cdn.jropship.com/l/C9EECQM002SILRD.jpg
C9SNBY7851LCTRG,Jewelry,Necklace Sets,Crystal Statement Special Occasion Necklace Set,LIGHT COLORADO TOPAZ,16 inch + 3,9,20.5,64.5,64.99,Crystal Statement Special Occasion Necklace Set in NECKLACE SETSLIGHT COLORADO TOPAZ,0.5,https://cdn.jropship.com/l/C9SNBY7851LCTRG.jpg
C9E236BLURD,Jewelry,Earrings,Statement Oval Rhinestone Post Earring,Blue,2 1/2 inch long,9,5.25,18.75,18.99,,0.1,https://cdn.jropship.com/l/C9E236BLURD.jpg
C9E992PURRD,Jewelry,Earrings,Over the Top Crystal Earrings,Purple,4 inch wide,9,7.5,25.5,25.99,,0.1,https://cdn.jropship.com/l/C9E992PURRD.jpg
L5EFE3421BRNGD,Jewelry,Earrings,Tear Drop Tortoise Drop Earrings,Brown,3 3/8 inch long,9,4.25,15.75,15.99,,0.1,https://cdn.jropship.com/l/L5EFE3421BRNGD.jpg
B1BAB8125GTRQRS,Jewelry,Bracelets,Wide Tortoise Cuff,Turquoise,2 1/4 inch wide,9,6.75,23.25,22.99,,0.4,https://cdn.jropship.com/l/B1BAB8125GTRQRS.jpg
U1EFER1723MLTGD,Jewelry,Earrings,Multi Color Beaded Fashion Earrings,MULTI,1 inch dia,9,3,12,11.99,Multi Color Beaded Fashion Earrings in EARRINGSMULTI,0.5,https://cdn.jropship.com/l/U1EFER1723MLTGD.jpg
U1EJCE226SILRD,Jewelry,Earrings,Metalic Thread Ball Earrings,SILVER,3 inch long,9,4.5,16.5,16.99,Metalic Thread Ball Earrings in EARRINGSSILVER,0.5,https://cdn.jropship.com/l/U1EJCE226SILRD.jpg
C9SNBY7851LCTRG,Jewelry,Necklace Sets,Crystal Statement Special Occasion Necklace Set,LIGHT COLORADO TOPAZ,16 inch + 3,9,20.5,64.5,64.99,Crystal Statement Special Occasion Necklace Set in NECKLACE SETSLIGHT COLORADO TOPAZ,0.5,https://cdn.jropship.com/l/C9SNBY7851LCTRG.jpg
F4N00001MLTBD,Jewelry,Necklaces,Long Boho Lariat Necklace,Multi,52 inches,8,6,21,20.99,,0.4,https://cdn.jropship.com/l/F4N00001MLTBD.jpg
C9SNPY043OLVGD,Jewelry,Necklace Sets,Multi-Strand Layered Pearl Necklace Set,Olive,17 inch + 3,8,6.75,23.25,22.99,,0.5,https://cdn.jropship.com/l/C9SNPY043OLVGD.jpg
C7SQNE1055PNK2T,Jewelry,Necklace Sets,AKA Wide Shoulder to Shoulder Pearl Bib Necklace,Pink,14 inch + 3,8,20.5,64.5,64.99,,0.5,https://cdn.jropship.com/l/C7SQNE1055PNK2T.jpg
R3EME4209GLDGM,Jewelry,Earrings,Metal Statement Hoop Earrings,Gold,2 inch long,8,3.5,13.5,13.99,,0.1,https://cdn.jropship.com/l/R3EME4209GLDGM.jpg
E5EESE3263LCTGD,Jewelry,Earrings,Crystal Statement Drop Earrings,LIGHT COLORADO TOPAZ,4 inch long,7,9,30,29.99,Crystal Statement Drop Earrings in EARRINGSLIGHT COLORADO TOPAZ,0.5,https://cdn.jropship.com/l/E5EESE3263LCTGD.jpg
C9EECQ36BLURD,Jewelry,Earrings,Pageant Statement Crystal Clip-on Earrings,Blue,3 1/4 inch long,7,5,18,17.99,,0.1,https://cdn.jropship.com/l/C9EECQ36BLURD.jpg
E5EESE3263BKDHM,Jewelry,Earrings,Crystal Statement Drop Earrings,BLACK DIAMOND,4 inch long,6,9,30,29.99,Crystal Statement Drop Earrings in EARRINGSBLACK DIAMOND,0.5,https://cdn.jropship.com/l/E5EESE3263BKDHM.jpg
M6E1404REDGD,Jewelry,Earrings,Edgy Crystal Pageant Earrings,Red,2 1/4 inch long,6,6.75,23.25,22.99,,0.1,https://cdn.jropship.com/l/M6E1404REDGD.jpg
C9EECQ4276ABOGD,Jewelry,Earrings,Crystal Shourouk Clip-on Earrings,Aurora Borealis,2 1/4 inch long,6,6.75,23.25,22.99,,0.1,https://cdn.jropship.com/l/C9EECQ4276ABOGD.jpg
S7BCB0109BRNWD,Jewelry,Bracelets,5-Piece Wood Bauble Bracelet,Brown,Stretch,6,6.75,23.25,22.99,,0.4,https://cdn.jropship.com/l/S7BCB0109BRNWD.jpg
R3EME4208GLDGM,Jewelry,Earrings,Metal Geometric Drop Earrings,Gold,2 1/4 inch long,6,3.5,13.5,13.99,,0.1,https://cdn.jropship.com/l/R3EME4208GLDGM.jpg
F4B0098DZ2TT2T,Jewelry,Bracelets,Six-Pack Metal Nugget Beaded Stretch Bracelet,Two-Tone,1 inch wide,5,36,111,110.99,,0.4,https://cdn.jropship.com/l/F4B0098DZ2TT2T.jpg
C7SQNE1055REDGD,Jewelry,Necklace Sets,Wide Shoulder to Shoulder Pearl Bib Necklace,Red,14 inch + 3,5,20.5,64.5,64.99,,0.5,https://cdn.jropship.com/l/C7SQNE1055REDGD.jpg
C7SQNE1055YELGD,Jewelry,Necklace Sets,DST Wide Shoulder to Shoulder Pearl Bib Necklace,YELLOW,14 inch + 3,5,20.5,64.5,64.99,DST Wide Shoulder to Shoulder Pearl Bib Necklace in NECKLACE SETSYELLOW,1,https://cdn.jropship.com/l/C7SQNE1055YELGD.jpg
E5EESE3263PCHRG,Jewelry,Earrings,Crystal Statement Drop Earrings,PEACH,4 inch long,5,9,30,29.99,Crystal Statement Drop Earrings in EARRINGSPEACH,0.5,https://cdn.jropship.com/l/E5EESE3263PCHRG.jpg
G4EGE2076AGRNGD,Jewelry,Earrings,Crystal Statement Flower Clip-On Earrings,AB GREEN,3 1/2 inch long,5,8.25,27.75,27.99,Crystal Statement Flower Clip-On Earrings in EARRINGSAB GREEN,0.5,https://cdn.jropship.com/l/G4EGE2076AGRNGD.jpg
F4B0098DZ2TT2T,Jewelry,Bracelets,Six-Pack Metal Nugget Beaded Stretch Bracelet,Two-Tone,1 inch wide,5,36,111,110.99,,0.4,https://cdn.jropship.com/l/F4B0098DZ2TT2T.jpg
C7SQNE1055REDGD,Jewelry,Necklace Sets,Wide Shoulder to Shoulder Pearl Bib Necklace,Red,14 inch + 3,5,20.5,64.5,64.99,,0.5,https://cdn.jropship.com/l/C7SQNE1055REDGD.jpg
C9EECQ36FUSRD,Jewelry,Earrings,Pageant Crystal Clip-on Earrings,Fuschia,3 1/4 inch long,5,5,18,17.99,,0.1,https://cdn.jropship.com/l/C9EECQ36FUSRD.jpg
C9EECQ150AGRNGD,Jewelry,Earrings,Crystal Teardrop Clip-On Earrings,Green,3 3/4 inch long,5,7.5,25.5,25.99,,0.1,https://cdn.jropship.com/l/C9EECQ150AGRNGD.jpg
U1EELE1175PNKGB,Jewelry,Earrings,Geo Wood Fashion Earrings,Pink,2 1/4 inch long,5,4.5,16.5,16.99,,0.1,https://cdn.jropship.com/l/U1EELE1175PNKGB.jpg
C9SNBY7310REDGD,Jewelry,Necklace Sets,Crystal Statement V-Shape Bib Necklace Set,RED,18 inch + 3,5,24.5,76.5,76.99,Crystal Statement V-Shape Bib Necklace Set in NECKLACE SETSRED,0.5,https://cdn.jropship.com/l/C9SNBY7310REDGD.jpg
G4EGE2076AGRNGD,Jewelry,Earrings,Crystal Statement Flower Clip-On Earrings,AB GREEN,3 1/2 inch long,5,8.25,27.75,27.99,Crystal Statement Flower Clip-On Earrings in EARRINGSAB GREEN,0.5,https://cdn.jropship.com/l/G4EGE2076AGRNGD.jpg
C9SNPY043MRBLURD,Jewelry,Necklace Sets,Multi-Strand Layered Pearl a Set,Blue,17 inch + 3,4,6.75,23.25,22.99,,0.5,https://cdn.jropship.com/l/C9SNPY043MRBLURD.jpg
G4SGNE2062APURGD,Jewelry,Necklace Sets,Crystal Statement Bib Necklace Set,PURPLE,13 inch + 4,4,18,57,56.99,Crystal Statement Bib Necklace Set in NECKLACE SETSPURPLE,0.5,https://cdn.jropship.com/l/G4SGNE2062APURGD.jpg
E5EESE3263BLKHM,Jewelry,Earrings,Crystal Statement Drop Earrings,BLACK,4 inch long,4,9,30,29.99,Crystal Statement Drop Earrings in EARRINGSBLACK,0.5,https://cdn.jropship.com/l/E5EESE3263BLKHM.jpg
C9SNBY7851ABOGD,Jewelry,Necklace Sets,Crystal Statement Special Occasion Necklace Set,AURORA BOREALIS,16 inch + 3,4,20.5,64.5,64.99,Crystal Statement Special Occasion Necklace Set in NECKLACE SETSAURORA BOREALIS,0.5,https://cdn.jropship.com/l/C9SNBY7851ABOGD.jpg
M6E1404MLTGD,Jewelry,Earrings,Statement Crystal Pineapple Clip-on Earrings,Multi,2 1/4 inch long,4,6.75,23.25,22.99,,0.1,https://cdn.jropship.com/l/M6E1404MLTGD.jpg
B5S014178LCTGD,Jewelry,Necklace Sets,Statement Crystal Bib Necklace Set,Light Colorado Topaz,16 inch + 3,4,22.5,70.5,70.99,,0.5,https://cdn.jropship.com/l/B5S014178LCTGD.jpg
B5S014178PURRD,Jewelry,Necklace Sets,Statement Crystal Bib Necklace Set,Purple,16 inch + 3,4,22.5,70.5,70.99,,0.5,https://cdn.jropship.com/l/B5S014178PURRD.jpg
B5S014178MLTRD,Jewelry,Necklace Sets,Statement Crystal Bib Necklace Set,Multi,16 inch + 3,4,22.5,70.5,70.99,,0.5,https://cdn.jropship.com/l/B5S014178MLTRD.jpg
B5S014178ABOGD,Jewelry,Necklace Sets,Statement Crystal Bib Necklace Set,Aurora Borealis,16 inch + 3,4,22.5,70.5,70.99,,0.5,https://cdn.jropship.com/l/B5S014178ABOGD.jpg
C9EECY8960ABOGD,Jewelry,Earrings,Karolina Jasko Crystal Earrings,Aurora Borealis,3 3/4 inch long,4,9.75,32.25,31.99,,0.1,https://cdn.jropship.com/l/C9EECY8960ABOGD.jpg
C9EECY8960PCHGD,Jewelry,Earrings,Karolina Jasko Crystal Earrings,Peach,3 3/4 inch long,4,9.75,32.25,31.99,,0.1,https://cdn.jropship.com/l/C9EECY8960PCHGD.jpg
U1EFER350ORGGB,Jewelry,Earrings,Glass Beadede Fringe Fashion Earrings,ORANGE,4 1/2 inch long,4,4.5,16.5,16.99,Glass Beadede Fringe Fashion Earrings in EARRINGSORANGE,0.5,https://cdn.jropship.com/l/U1EFER350ORGGB.jpg
C7SQNE10551LMTGD,Jewelry,Necklace Sets,Multi-Strand Layered Pearl Necklace Set,Light Multi,17 inch + 3,3,6.75,23.25,22.99,,0.5,https://cdn.jropship.com/l/C7SQNE10551LMTGD.jpg
G4SGNE2062AGRNGD,Jewelry,Necklace Sets,Crystal Statement Bib Necklace Set,Green,13 inch + 4,3,18,57,56.99,,0.5,https://cdn.jropship.com/l/G4SGNE2062AGRNGD.jpg
C7SQNE1055ORGGD,Jewelry,Necklace Sets,DST Wide Shoulder to Shoulder Pearl Bib Necklace,ORANGE,14 inch + 3,3,20.5,64.5,64.99,DST Wide Shoulder to Shoulder Pearl Bib Necklace in NECKLACE SETSORANGE,1,https://cdn.jropship.com/l/C7SQNE1055ORGGD.jpg
C9SNBY7851CLRRD,Jewelry,Necklace Sets,Crystal Statement Special Occasion Necklace Set,CLEAR,16 inch + 3,3,20.5,64.5,64.99,Crystal Statement Special Occasion Necklace Set in NECKLACE SETSCLEAR,0.5,https://cdn.jropship.com/l/C9SNBY7851CLRRD.jpg
C9EECQ36PURRD,Jewelry,Earrings,Pageant Crystal Clip-on Earrings,Purple,3 1/4 inch long,3,5,18,17.99,,0.1,https://cdn.jropship.com/l/C9EECQ36PURRD.jpg
C9EECY8960BLKGD,Jewelry,Earrings,Karolina Jasko Crystal Earrings,Black,3 3/4 inch long,3,9.75,32.25,31.99,,0.1,https://cdn.jropship.com/l/C9EECY8960BLKGD.jpg
C7SQNE1055MNTGD,Jewelry,Necklace Sets,DST Wide Shoulder to Shoulder Pearl Bib Necklace,MINT,14 inch + 3,3,20.5,64.5,64.99,DST Wide Shoulder to Shoulder Pearl Bib Necklace in NECKLACE SETSMINT,1,https://cdn.jropship.com/l/C7SQNE1055MNTGD.jpg
C7SQNE1055ORGGD,Jewelry,Necklace Sets,DST Wide Shoulder to Shoulder Pearl Bib Necklace,ORANGE,14 inch + 3,3,20.5,64.5,64.99,DST Wide Shoulder to Shoulder Pearl Bib Necklace in NECKLACE SETSORANGE,1,https://cdn.jropship.com/l/C7SQNE1055ORGGD.jpg
N5EYE2776MLTGD,Jewelry,Earrings,18mm Iridescent Ball Hoop Earrings,MULTI,3 3/4 inch dia,3,6.5,22.5,22.99,18mm Iridescent Ball Hoop Earrings in EARRINGSMULTI,0.5,https://cdn.jropship.com/l/N5EYE2776MLTGD.jpg
E3EESE7190MLTGD,Jewelry,Earrings,Statement Pageant Tear Drop Earrings,MULTI,5 1/2 inch long,3,10.5,34.5,34.99,Statement Pageant Tear Drop Earrings in EARRINGSMULTI,0.5,https://cdn.jropship.com/l/E3EESE7190MLTGD.jpg
C9SNPY003GLDGD,Jewelry,Necklaces,Statement Layered Pearl Necklace Set,Gold,18 inch + 3,2,13.5,43.5,43.99,,0.4,https://cdn.jropship.com/l/C9SNPY003GLDGD.jpg
C9SNBY7402LCTGD,Jewelry,Necklace Sets,Statement Marquis Floral Bib Necklace Set,Light Colorado Topaz,17 inch + 3,2,36,111,110.99,,0.5,https://cdn.jropship.com/l/C9SNBY7402LCTGD.jpg
C9SNBY7402BLUGD,Jewelry,Necklace Sets,Statement Marquis Floral Bib Necklace Set,Blue,17 inch + 3,2,36,111,110.99,,0.5,https://cdn.jropship.com/l/C9SNBY7402BLUGD.jpg
C9SNBY7402GRNGD,Jewelry,Necklace Sets,Statement Marquis Floral Bib Necklace Set,Green,17 inch + 3,2,36,111,110.99,,0.5,https://cdn.jropship.com/l/C9SNBY7402GRNGD.jpg
T4NNCK2810BGDGB,Jewelry,Necklaces,Handmade Natural Fiber Beaded Selena Body Jewelry,BURGUNDY,17 inch long,2,36,111,110.99,,0.4,https://cdn.jropship.com/l/T4NNCK2810BGDGB.jpg
C9EKE1455BRNGD,Jewelry,Earrings,Camila Statement Crystal Earrings,BROWN,4 3/4 inch long,2,9,30,29.99,Camila Statement Crystal Earrings in EARRINGSBROWN,0.5,https://cdn.jropship.com/l/C9EKE1455BRNGD.jpg
E5EESE2141MONHM,Jewelry,Earrings,Crystal Clip-On Earrings,MONTANA,2 1/2 inch long,2,5.25,18.75,18.99,Crystal Clip-On Earrings in EARRINGSMONTANA,0.5,https://cdn.jropship.com/l/E5EESE2141MONHM.jpg
E5EESE2141YELGD,Jewelry,Earrings,Crystal Clip-On Earrings,YELLOW,2 1/2 inch long,2,5.25,18.75,18.99,Crystal Clip-On Earrings in EARRINGSYELLOW,0.5,https://cdn.jropship.com/l/E5EESE2141YELGD.jpg
S1SFNE14638BLKBK,Jewelry,Necklace Sets,Crystal Teardrops Bib Necklace Set,BLACK,17 inch + 3,2,18,57,56.99,Crystal Teardrops Bib Necklace Set in NECKLACE SETSBLACK,0.5,https://cdn.jropship.com/l/S1SFNE14638BLKBK.jpg
C9SNBY7572LCTGD,Jewelry,Necklace Sets,Crystal Statement Bib Necklace Set,AURORA BOREALIS,16 inch + 3,2,24,75,74.99,Crystal Statement Bib Necklace Set in NECKLACE SETSAURORA BOREALIS,0.5,https://cdn.jropship.com/l/C9SNBY7572LCTGD.jpg
B6S779MLTGD,Jewelry,Necklace Sets,Crystal Statement Collar,Multi,18 inch + 3,2,18,57,56.99,,0.5,https://cdn.jropship.com/l/B6S779MLTGD.jpg
T3S1006LCTGD,Jewelry,Necklace Sets,Statement Crystal Flower Fringe Necklace,Light Colorado Topaz,18 inch + 3,2,16.5,52.5,52.99,,0.5,https://cdn.jropship.com/l/T3S1006LCTGD.jpg
E3E7190ABORD,Jewelry,Earrings,Statement Pageant Crystal Drop Earrings,Aurora Borealis,5 1/2 inch long,2,10.5,34.5,34.99,,0.1,https://cdn.jropship.com/l/E3E7190ABORD.jpg
C9E8850LMTRD,Jewelry,Earrings,Statement Crystal Teardrop Earrings,Light Multi,3 1/2 inch long,2,7.5,25.5,25.99,,0.1,https://cdn.jropship.com/l/C9E8850LMTRD.jpg
C9SNPY003GLDGD,Jewelry,Necklaces,Statement Layered Pearl Necklace Set,Gold,18 inch + 3,2,13.5,43.5,43.99,,0.4,https://cdn.jropship.com/l/C9SNPY003GLDGD.jpg
C9EERW1017CLRSV,Jewelry,Earrings,Crystal Rhinestone Fringe Drop Earrings,Clear,2 1/4 inch long,2,2.75,11.25,10.99,,0.1,https://cdn.jropship.com/l/C9EERW1017CLRSV.jpg
B5S014223ABORD,Jewelry,Necklace Sets,Statement Crystal Evening Pageant Necklace Set,Aurora Borealis,17 inch + 4,2,22.5,70.5,70.99,,0.5,https://cdn.jropship.com/l/B5S014223ABORD.jpg
S7SCN1269CLRGD,Jewelry,Necklace Sets,Marina Del Rey Choker,Clear,13 inch + 5,2,24,75,74.99,,0.5,https://cdn.jropship.com/l/S7SCN1269CLRGD.jpg
C9EECQ150BRNGD,Jewelry,Earrings,Crystal Teardrop Clip-On Earrings,Brown,3 3/4 inch long,2,7.5,25.5,25.99,,0.1,https://cdn.jropship.com/l/C9EECQ150BRNGD.jpg
B9SBNE1478ABOGD,Jewelry,Necklace Sets,Crystal Feather Statement Bib Necklace Set,Aurora Borealis,20 inch + 2,2,24.5,76.5,76.99,,0.5,https://cdn.jropship.com/l/B9SBNE1478ABOGD.jpg
B9SBNE1483ABOGD,Jewelry,Necklace Sets,Flower Statement Crystal Bib Necklace Set,Aurora Borealis,18 inch + 2,2,22.5,70.5,70.99,,0.5,https://cdn.jropship.com/l/B9SBNE1483ABOGD.jpg
U1EELE1175YELGB,Jewelry,Earrings,Geo Wood Fashion Earrings,Yellow,2 1/4 inch long,2,4.5,16.5,16.99,,0.1,https://cdn.jropship.com/l/U1EELE1175YELGB.jpg
L5BXB0160CLR3T,Jewelry,Bracelets,Crystal Pave Metal Stretch Bracelet,Clear,Stretch,2,10.5,34.5,34.99,,0.4,https://cdn.jropship.com/l/L5BXB0160CLR3T.jpg
C9EKE1455CLRGD,Jewelry,Earrings,Camila Statement Crystal Earrings,CLEAR,4 3/4 inch long,2,9,30,29.99,Camila Statement Crystal Earrings in EARRINGSCLEAR,0.5,https://cdn.jropship.com/l/C9EKE1455CLRGD.jpg
E5EESE2141YELGD,Jewelry,Earrings,Crystal Clip-On Earrings,YELLOW,2 1/2 inch long,2,5.25,18.75,18.99,Crystal Clip-On Earrings in EARRINGSYELLOW,0.5,https://cdn.jropship.com/l/E5EESE2141YELGD.jpg
F3E782231BLUGD,Jewelry,Earrings,Beaded Tassel Earrings,BLUE,5 inch long,2,5,18,17.99,Beaded Tassel Earrings in EARRINGSBLUE,0.5,https://cdn.jropship.com/l/F3E782231BLUGD.jpg
C9SNPY073GLDGD,Jewelry,Necklaces,Statement Multi-Row Pearl Necklace,Gold,24 Inch + 3,1,13.5,43.5,43.99,,0.4,https://cdn.jropship.com/l/C9SNPY073GLDGD.jpg
T4NNCK2957GLDCP,Jewelry,Necklaces,Handmade Natural Fiber Beaded Crystal Pendant Choker,Gold,13 inch long,1,13.5,43.5,43.99,,0.4,https://cdn.jropship.com/l/T4NNCK2957GLDCP.jpg
T4NNCK2810REDGB,Jewelry,Necklaces,Handmade Natural Fiber Beaded Selena Body Jewelry,Red,17 inch long,1,36,111,110.99,,0.4,https://cdn.jropship.com/l/T4NNCK2810REDGB.jpg
T4NNCK29422TTGB,Jewelry,Necklaces,Handmade Natural Fiber Beaded Taylor Body Jewelry,Two-Tone,16 inch,1,78,237,236.99,,0.4,https://cdn.jropship.com/l/T4NNCK29422TTGB.jpg
C9EKE1455REDGD,Jewelry,Earrings,Camila Statement Crystal Earrings,RED,4 3/4 inch long,1,9,30,29.99,Camila Statement Crystal Earrings in EARRINGSRED,0.5,https://cdn.jropship.com/l/C9EKE1455REDGD.jpg
C9EKE1455BKDRD,Jewelry,Earrings,Camila Statement Crystal Earrings,BLACK DIAMOND,4 3/4 inch long,1,9,30,29.99,Camila Statement Crystal Earrings in EARRINGSBLACK DIAMOND,0.5,https://cdn.jropship.com/l/C9EKE1455BKDRD.jpg
F1E01584REDHM,Jewelry,Earrings,Red Carpet Crystal Drop Earrings,Red,3 inch wide,1,7.25,24.75,24.99,,0.1,https://cdn.jropship.com/l/F1E01584REDHM.jpg
L5B0261CLR3T,Jewelry,Bracelets,Boho Chic Wide Stretch Bracelet,Clear,2 1/2 inch wide,1,10.5,34.5,34.99,,0.4,https://cdn.jropship.com/l/L5B0261CLR3T.jpg
E3E7190BLUHM,Jewelry,Earrings,Statement Pageant Crystal Drop Earrings,Blue,5 1/2 inch long,1,10.5,34.5,34.99,,0.1,https://cdn.jropship.com/l/E3E7190BLUHM.jpg
T3S1006MLTGD,Jewelry,Necklace Sets,STATEMENT CRYSTAL FLOWER FRINGE NECKLACE,Multi,18 inch + 3,1,16.5,52.5,52.99,,0.5,https://cdn.jropship.com/l/T3S1006MLTGD.jpg
E2B1916ABOSV,Jewelry,Bracelets,Wide Rhinestone Cuff Bracelet,Aurora Borealis,1 5/8 inch wide,1,10.5,34.5,34.99,,0.4,https://cdn.jropship.com/l/E2B1916ABOSV.jpg
B5S014223MLTRD,Jewelry,Necklace Sets,Statement Crystal Evening Pageant Necklace Set,Multi,17 inch + 4,1,22.5,70.5,70.99,,0.5,https://cdn.jropship.com/l/B5S014223MLTRD.jpg
E2BB2713CLRGD,Jewelry,Bracelets,The Crystal Fringe Cuff,Clear,One Size,1,24,75,74.99,,0.4,https://cdn.jropship.com/l/E2BB2713CLRGD.jpg
S7ECE0603CLRGD,Jewelry,Earrings,Lucite Tear Drop Hoop Earrings,Clear,5 1/4 inch long,1,5.25,18.75,18.99,,0.1,https://cdn.jropship.com/l/S7ECE0603CLRGD.jpg
C9EECQ148AGRNGD,Jewelry,Earrings,Tear Drop Crystal Earrings,Green,2 inch long,1,3.75,14.25,13.99,,0.1,https://cdn.jropship.com/l/C9EECQ148AGRNGD.jpg
B5S014178LGRNRD,Jewelry,Necklace Sets,Statement Crystal Bib Necklace Set,Green,16 inch + 3,1,22.5,70.5,70.99,,0.5,https://cdn.jropship.com/l/B5S014178LGRNRD.jpg
F4NNBL7003GLDBD,Jewelry,Necklaces,Lariat Beaded Necklace And Belt,Gold,60 inches,1,4.5,16.5,16.99,,0.4,https://cdn.jropship.com/l/F4NNBL7003GLDBD.jpg
C9EKE1455CLRRD,Jewelry,Earrings,Camila Statement Crystal Earrings,CLEAR,4 3/4 inch long,1,9,30,29.99,Camila Statement Crystal Earrings in EARRINGSCLEAR,0.5,https://cdn.jropship.com/l/C9EKE1455CLRRD.jpg
F3E782231CORGD,Jewelry,Earrings,Beaded Tassel Earrings,CORAL,5 inch long,1,5,18,17.99,Beaded Tassel Earrings in EARRINGSCORAL,0.5,https://cdn.jropship.com/l/F3E782231CORGD.jpg